content,_id,like_counts,ip_location,created_at,total_number,user_name,gender
要不是我现在正在怀孕中，我就真的信了能领这么多[笑cry],5094775581841650,898,来自湖南,Tue Oct 29 11:30:18 +0800 2024,60,Tracer-Lucky,f
一分钱没有,5094778543014561,326,来自辽宁,Tue Oct 29 11:42:03 +0800 2024,10,lilian莫若儿,f
体制内没有补贴…,5094780922496692,121,来自河南,Tue Oct 29 11:51:31 +0800 2024,6,tutu-dream,f
产检都是自费 哪有补贴 总说鼓励生育[允悲],5094779052886659,282,来自北京,Tue Oct 29 11:44:05 +0800 2024,31,可以每天吃冰淇淋吗,f
补助到底在哪里天天在这瞎说？？？？,5094779686487380,180,来自安徽,Tue Oct 29 11:46:35 +0800 2024,9,田园向往_fy,f
我没有工作，我老公不交社保，全自费，唯一报销了一个居民保险,5094779721354066,41,来自湖北,Tue Oct 29 11:46:45 +0800 2024,17,跟着你去旅行C,f
产假工资都拖，说这些都是虚的，别生，千万别生,5094779442957618,84,来自广西,Tue Oct 29 11:45:38 +0800 2024,0,周筱沫Amy,f
灵活就业人员有没有,5094781133521371,12,来自中国澳门,Tue Oct 29 11:52:20 +0800 2024,5,dushejfisjehdusjd,f
感谢分享[老师爱你],5094771483738904,1,来自山东,Tue Oct 29 11:14:00 +0800 2024,0,粥yeahhhh,f
主动一点直接打我银行卡上，不行吗？这里领那里领，跑来跑去烦死了[哼],5094805271479587,12,来自湖北,Tue Oct 29 13:28:16 +0800 2024,4,O吃不饱的o_o大可爱O,f
好的，感谢分享#生育补贴# ,5094772241596652,0,来自重庆,Tue Oct 29 11:17:00 +0800 2024,0,漫追漫1,f
只有一个生育津贴，其他的没看到[允悲][允悲][允悲],5094788279566389,4,来自福建,Tue Oct 29 12:20:44 +0800 2024,5,蘑菇蘑菇开花了-,f
@老公不在随便爬墙 你信吗？,5094940483257038,0,来自山东,Tue Oct 29 22:25:32 +0800 2024,2,萌馨雅薇,f
体制内没有补贴…,5098181366389022,1,来自黑龙江,Thu Nov 07 21:03:40 +0800 2024,0,萝卜头0811,f
[嘻嘻]生了，补贴给单位,5094783216780239,5,来自广东,Tue Oct 29 12:00:38 +0800 2024,3,ms耶耶叶,f
图片评论 http://t.cn/A6ncIV9k,5094819024601786,11,来自云南,Tue Oct 29 14:22:55 +0800 2024,0,shenghaha-1203,f
@就是壴加嘉7吖 [doge],5094783615504188,0,来自广东,Tue Oct 29 12:02:13 +0800 2024,2,staycoolnlethimfool,m
@修狗还不睡吗 @天天睡觉都很困 @让我去梦游 记得领哈你们,5094855595003302,0,来自四川,Tue Oct 29 16:48:14 +0800 2024,2,猫猫鱼罐头o,f
@Acvocadooo 卧槽卧槽,5094785587874523,0,来自山东,Tue Oct 29 12:10:03 +0800 2024,2,centerlessQ,m
@帽子飞不走 看看,5094783204200646,0,来自北京,Tue Oct 29 12:00:35 +0800 2024,2,飞鸟在深海,f
@大喊一声有我在,5094811799392717,0,来自四川,Tue Oct 29 13:54:13 +0800 2024,1,Ni比今晚的月亮还月亮_,f
@大爱丫丫1997,5094792040026447,0,来自江苏,Tue Oct 29 12:35:42 +0800 2024,1,得得得得得得nn,f
@小丸子同学花轮,5094783653516588,0,来自福建,Tue Oct 29 12:02:22 +0800 2024,1,奶狮_Naishi,m
好政策哈哈,5094782189438634,0,来自北京,Tue Oct 29 11:56:33 +0800 2024,0,查丽莎,f
只有一个生产津贴,5094780627585768,4,来自重庆,Tue Oct 29 11:50:21 +0800 2024,1,羊肉泡馍加个饼_,m
对我来说爸爸能放半年假陪我在家带孩子才是正道[doge],5094789791876532,10,来自吉林,Tue Oct 29 12:26:45 +0800 2024,0,鞠家二小K,f
太低了，还有限制条件,5094781863330701,3,来自日本,Tue Oct 29 11:55:15 +0800 2024,0,蹲在角落里看星星,f
要鼓励生育，还不如直接免费产检，免生产费,5094857504721272,1,来自贵州,Tue Oct 29 16:55:49 +0800 2024,0,盛世美颜我姐姐,f
@ofelia_Yu 有时间可以去问问 有些我俩是赶不上了[允悲],5094830770487857,1,来自浙江,Tue Oct 29 15:09:35 +0800 2024,1,流哈喇子的小肥喵丶,m
生不生主要是看自己意愿。本身也指望不上这些,5094797341622846,1,来自安徽,Tue Oct 29 12:56:45 +0800 2024,0,犀牛小宇宙,f
@恭喜你被我恭喜了-,5094780874785890,1,来自辽宁,Tue Oct 29 11:51:19 +0800 2024,0,美美9-,f
真可笑,5094779994246775,7,来自云南,Tue Oct 29 11:47:50 +0800 2024,0,傻飞,m
@小蓝姐姐886,5094916760539496,0,来自广东,Tue Oct 29 20:51:17 +0800 2024,1,lmtm-茶,f
@巴啦啦乔,5094855765657512,0,来自河北,Tue Oct 29 16:48:55 +0800 2024,1,蜗牛小姐ma,f
@髙娜児,5094845534177340,0,来自北京,Tue Oct 29 16:08:15 +0800 2024,1,可爱到不行的小马,f
@是枚小土豆,5094838198339233,0,来自福建,Tue Oct 29 15:39:06 +0800 2024,1,爱吃_小土豆,m
@HuaChi_i,5094832385032825,0,来自黑龙江,Tue Oct 29 15:16:00 +0800 2024,1,哦雷_哇,f
@韩尚宁宁,5094823535314009,0,来自陕西,Tue Oct 29 14:40:51 +0800 2024,1,王雯娟_,f
@勤奋好学爱岗敬业的好少年,5094815241340507,0,来自吉林,Tue Oct 29 14:07:53 +0800 2024,1,Rukawa11丶,m
@玖贰周周,5094813247997375,0,来自福建,Tue Oct 29 13:59:58 +0800 2024,1,周周周是周萍,f
产检都不给批假 ～呵呵,5094806499626830,2,来自北京,Tue Oct 29 13:33:09 +0800 2024,0,迷路的Akina,f
@满船清梦加星河,5094803747897364,0,来自湖北,Tue Oct 29 13:22:12 +0800 2024,1,肖疯子-,m
@Misakoo_,5094803578555328,0,来自贵州,Tue Oct 29 13:21:33 +0800 2024,1,懋ii,m
@第三课内容就此展开,5094803313003785,0,来自江苏,Tue Oct 29 13:20:29 +0800 2024,1,_桔子味汽水,m
@飞飞鱼酷酷雷,5094802289328436,0,来自湖北,Tue Oct 29 13:16:24 +0800 2024,1,球状嗑学家,f
@一只猫uu20863 留,5094795619867554,0,来自浙江,Tue Oct 29 12:49:55 +0800 2024,1,小炮炮丶炮,m
@家里有个大大莉莉酱 [吃瓜],5094790134237503,0,来自重庆,Tue Oct 29 12:28:07 +0800 2024,1,玫瑰色玻璃中看你,f
@脑袋没空m,5094785817776608,0,来自河南,Tue Oct 29 12:10:58 +0800 2024,1,蒙多的36a,m
@Monster-阿怪,5094785253639179,0,来自浙江,Tue Oct 29 12:08:43 +0800 2024,1,曼曼在烦恼什么啊,f
@陈陈努力不变沉,5094783121097522,0,来自北京,Tue Oct 29 12:00:15 +0800 2024,1,拥伱z,f
@Aurura红,5094781738814640,0,来自辽宁,Tue Oct 29 11:54:46 +0800 2024,1,蓝瓜浩,m
@一口一个头宝宝,5094781164455072,0,来自辽宁,Tue Oct 29 11:52:29 +0800 2024,1,咿呀依一呀,f
@Luoyulinger,5094780694694145,0,来自河南,Tue Oct 29 11:50:37 +0800 2024,1,小罗在2024,m
滚,5094855531823611,0,来自天津,Tue Oct 29 16:47:58 +0800 2024,0,吸猫法则,f
到时候人家可能就让来微博上领了,5094853059020557,0,来自山东,Tue Oct 29 16:38:10 +0800 2024,0,我是晗晗晗晗晗,f
这跟养孩子的长远花销比，杯水车薪啊。而且还不能抵消各种焦虑。特别孩子上学后各种卷,5094852987716803,0,来自北京,Tue Oct 29 16:37:53 +0800 2024,0,Rorororo123,f
@万万万万万万穗 mark,5094843336363840,0,来自四川,Tue Oct 29 15:59:32 +0800 2024,0,Kum-Ask,m
怀孕中，没有任何补贴，除了刷医保的时候统筹的那一小小小部分。,5094842455557002,0,来自四川,Tue Oct 29 15:56:01 +0800 2024,0,牛奶牌牛奶丶,f
mark~,5094818418262824,0,来自北京,Tue Oct 29 14:20:30 +0800 2024,0,梨子蟹蟹椰,f
@每天都要甜t,5094811750891562,0,来自江苏,Tue Oct 29 13:54:00 +0800 2024,0,冰冻椰子水__,f
转发微博,5094805782662286,0,来自福建,Tue Oct 29 13:30:18 +0800 2024,0,戴上美瞳当萌妹Z,f
生出来干嘛，做牛马嘛,5094805602568990,0,来自广东,Tue Oct 29 13:29:35 +0800 2024,0,超级无敌居居侠,m
这个补贴看着还行,5094799019610888,0,来自广东,Tue Oct 29 13:03:26 +0800 2024,0,一只废柴罢了,m
@不算弱,5094794856763950,0,来自广东,Tue Oct 29 12:46:53 +0800 2024,0,多肉小明儿,f
发钱是一回事 立马到账又是另一回事,5094793958921789,0,来自上海,Tue Oct 29 12:43:19 +0800 2024,0,害怕失眠的doge,f
还是要先交钱还要交满还要各种手续齐全还不一定能领到手[吃瓜],5094793870313319,0,来自浙江,Tue Oct 29 12:42:58 +0800 2024,0,Wx不吃榴莲,f
[跪了]哪有这么多补助，公司就怕给你多发钱[太开心],5094793203420040,0,来自湖南,Tue Oct 29 12:40:19 +0800 2024,0,AsiaPrincess_小璠,f
就是30天内跑的地方有点多，可以一站式在一个地方把这个事情全部办好就行了。,5094792107134957,1,来自新疆,Tue Oct 29 12:35:58 +0800 2024,0,残缺的浪漫,f
多办点公立学校比啥都强,5094791718636877,1,来自湖南,Tue Oct 29 12:34:25 +0800 2024,0,Beokayyyyy,f
这点钱有什么用,5094790410536664,0,来自云南,Tue Oct 29 12:29:13 +0800 2024,0,我想变成1海绵宝宝2来逗你笑3,f
❤️,5094789240590305,0,来自云南,Tue Oct 29 12:24:34 +0800 2024,0,小猪佩奇棣棣配我,f
快吃大饼[吐],5094787785165136,0,来自广东,Tue Oct 29 12:18:47 +0800 2024,0,Lydia-K8,f
@夕牙儿77球球,5094787143435434,0,来自浙江,Tue Oct 29 12:16:14 +0800 2024,0,卟噜卟哩豆,f
先收藏 [微笑],5094785096616820,0,来自四川,Tue Oct 29 12:08:06 +0800 2024,0,旺旺小金猪iii,f
不好好教养孩子有个屁用,5094784662244024,0,来自北京,Tue Oct 29 12:06:23 +0800 2024,0,吸猫派掌门,f
@五千层,5094784341377527,0,来自江苏,Tue Oct 29 12:05:05 +0800 2024,0,小张不愧是小张,f
哇咔咔,5094784307563296,0,来自北京,Tue Oct 29 12:04:58 +0800 2024,0,黑红体质,f
拿自己的工资去补罢了,5094783545246232,0,来自广西,Tue Oct 29 12:01:55 +0800 2024,0,花妖成海王子不曾离开,f
没工作的人呢,5094783529783245,1,来自海南,Tue Oct 29 12:01:53 +0800 2024,0,echo亮亮,f
没有社保不是体制内  这些就别想了[doge],5094783402381633,0,来自陕西,Tue Oct 29 12:01:22 +0800 2024,0,---骑鱼的猫,m
@大大大大大大_夢,5094783083876877,0,来自云南,Tue Oct 29 12:00:06 +0800 2024,0,变身余胖子,f
@1咔咔_咔咔 。。。好无语这领取条件，尤其是那个女方无业男方交保险的。。,5094782596285704,0,来自天津,Tue Oct 29 11:58:10 +0800 2024,0,小小心毅-17,f
就这我不得努力生一个足球队啊[允悲],5094782516332478,0,来自上海,Tue Oct 29 11:57:51 +0800 2024,0,AmyRJL,f
我只有生育津贴啊,5094782116301261,0,来自广东,Tue Oct 29 11:56:15 +0800 2024,0,14_Month,f
@永日师傅,5094782055485608,0,来自湖北,Tue Oct 29 11:56:01 +0800 2024,0,大舒包,f
转发微博,5094781472999440,0,来自辽宁,Tue Oct 29 11:53:42 +0800 2024,0,白日梦想家sssss,f
婴儿定额2000…这营销号发微博之前都不看书的啊,5094780220475608,0,来自江苏,Tue Oct 29 11:48:43 +0800 2024,0,樱桃呀么小樱桃Zzz,f
[微笑]不想说话,5094780124267758,1,来自安徽,Tue Oct 29 11:48:21 +0800 2024,0,万万亿-,f
早点给点力不行,5094779108987865,0,来自浙江,Tue Oct 29 11:44:19 +0800 2024,0,风语祝,f
领个粑粑，就不能医院查出怀孕记录就按月按时打到孕妇卡里么？（我知道我在做梦）,5094800476342524,2,来自浙江,Tue Oct 29 13:09:13 +0800 2024,0,艾可鱼_,f
五险一金都做不到，哪来的生育补贴，更别说一怀孕就被辞退,5094785725764078,3,来自陕西,Tue Oct 29 12:10:36 +0800 2024,0,何哈哈0-0,f
就为这点儿钱 花那么多时间 跑那么多部门 生个累赘 一辈子生育损伤 一辈子家务 我疯啦？,5094782613326284,4,来自宁夏,Tue Oct 29 11:58:14 +0800 2024,0,试试就试试看看看看看看,f
假的，根本领不到这么多，浙江,5094779560396305,3,来自山东,Tue Oct 29 11:46:06 +0800 2024,0,努力奋斗加爱你,m
不觉得领取很麻烦吗？？,5094816199215893,1,来自北京,Tue Oct 29 14:11:42 +0800 2024,0,小草泥Jed,m
坐标江苏，不仅领到生育津贴，还有产检补贴，营养费，老公陪产津贴，生育津贴占大头，其他很少，但是都有，生孩子医保几乎全报的，自己就出了住院费和无痛分娩费，其他杂费，都是不在医保范围的,5094792055495112,1,来自江苏,Tue Oct 29 12:35:45 +0800 2024,0,Rain_糖糖,f
我一路产检+剖腹产+产后住院一周+宝宝住新生儿科一周，一共花费一万多，报销完自费998，还白拿六个月工资四万多[害羞],5094783989580417,1,来自广东,Tue Oct 29 12:03:42 +0800 2024,0,Niuuuuuunnn,f
和着不参保的农名工没钱呗,5094783699653366,2,来自浙江,Tue Oct 29 12:02:33 +0800 2024,0,一片桂树林,m
2022年领过一次，2w5左右[doge],5094783322688147,2,来自四川,Tue Oct 29 12:01:03 +0800 2024,0,------Zou,f
好麻烦  还是不生了,5094781996766471,1,来自贵州,Tue Oct 29 11:55:47 +0800 2024,0,是舒舒呦丶,f
[揣手],5097632987614360,0,来自黑龙江,Wed Nov 06 08:44:36 +0800 2024,0,hey跑跑_,m
[good],5097224476295529,0,来自山西,Tue Nov 05 05:41:20 +0800 2024,0,春天445_703,m
要不是我怀着孕，我就信了。目前只用了产检补贴，失业，用不了生育险。,5096207494415728,0,来自广东,Sat Nov 02 10:20:12 +0800 2024,0,挠头想起什么昵称好,f
各个地方不同   就这一条已经卡死百分之九十九了！！,5095170293368660,0,来自山东,Wed Oct 30 13:38:44 +0800 2024,0,心门难启,f
生育津贴先留着，必须用得上,5094927209857936,0,来自湖南,Tue Oct 29 21:32:48 +0800 2024,0,一一一俏2009,f
时间点有些不对，像生产报销我这边医院是6个月，生产津贴是3年内[doge],5094870853877920,0,来自广东,Tue Oct 29 17:48:51 +0800 2024,0,PZZ_GZ,f
能不能直接点，发到手[笑cry],5094856630468893,0,来自广东,Tue Oct 29 16:52:20 +0800 2024,0,淡檹,f
没有任何意义,5094856562577000,0,来自广东,Tue Oct 29 16:52:05 +0800 2024,0,HFxuu,f
@半熟芝士真的不好吃,5094856320354410,0,来自河南,Tue Oct 29 16:51:07 +0800 2024,0,段力源开心点,f
[挖鼻],5094856059521533,0,来自四川,Tue Oct 29 16:50:05 +0800 2024,0,陌生Best,m
@爱吃甜的稻草人,5094855842466554,0,来自江苏,Tue Oct 29 16:49:13 +0800 2024,0,Ma誌Yuan,m
我告诉你，你们一个都领不到,5094855640876064,0,来自广西,Tue Oct 29 16:48:25 +0800 2024,0,咪脒大大嘀,m
[允悲],5094855367723587,0,来自广东,Tue Oct 29 16:47:20 +0800 2024,0,鸟叔操盘铁粉-zz22,m
@Lalalathing,5094854587583910,0,来自重庆,Tue Oct 29 16:44:14 +0800 2024,0,黄源可以的,m
发明这个补贴的人开心就好。生不生跟这个补贴也没多大关系。毕竟生养更花钱和精力，这些钱不够塞牙缝呢^_^,5094854478006647,0,来自浙江,Tue Oct 29 16:43:48 +0800 2024,0,哩昂正,m
@木瓜豆腐k,5094854012961034,0,来自北京,Tue Oct 29 16:41:56 +0800 2024,0,啤酒炖小包,f
一堆假大空，直接发钱不行吗，不分是否在职，生一个就发5万或者10万，肯定会激励一部分人生的,5094853552375928,0,来自广西,Tue Oct 29 16:40:07 +0800 2024,0,种有一颗小太阳,f
啊？那我生孩子什么都没有领到，感觉错过一个亿[二哈][二哈],5094852639591869,0,来自四川,Tue Oct 29 16:36:30 +0800 2024,0,Hi夏海,f
转发微博,5094852177955180,0,来自北京,Tue Oct 29 16:34:39 +0800 2024,0,用脸T怪_,f
@安得猛士C,5094852148593068,0,来自山东,Tue Oct 29 16:34:32 +0800 2024,0,小丫么小二郎NA,f
@宇宙无敌小窦逗,5094851740437244,0,来自河南,Tue Oct 29 16:32:55 +0800 2024,0,Tsuki_Wmmmmm,f
无指证剖腹产 职工医保报销剖腹产生育费用还要少1200 还说什么鼓励生育个p[二哈],5094851578432088,0,来自湖南,Tue Oct 29 16:32:17 +0800 2024,0,哈喽Bingbing_,f
1,5094851232924298,0,来自广东,Tue Oct 29 16:30:54 +0800 2024,0,喜欢-陈钰琪,m
生育补贴,5094851211693371,0,来自天津,Tue Oct 29 16:30:49 +0800 2024,0,香水love女孩,f
转发微博,5094850007928150,0,来自北京,Tue Oct 29 16:26:02 +0800 2024,0,歌舞升平吗真假,f
很多原来就有的补贴，这回给你拆开了然后稍微多了一点，加起来估计也就比之前多了1.3万,5094848774018012,0,来自浙江,Tue Oct 29 16:21:08 +0800 2024,0,羊小鱼jojo,f
转发微博,5094847868306469,0,来自广西,Tue Oct 29 16:17:31 +0800 2024,0,百变暴躁,f
转发微博,5094847811684544,0,来自江苏,Tue Oct 29 16:17:18 +0800 2024,0,淇淇猫要开心,m
图片评论 http://t.cn/A6ncpIOj,5094847105469602,0,来自广东,Tue Oct 29 16:14:30 +0800 2024,0,Hxm-黃學明,m
自己教，可以领吗,5094846724050897,0,来自江苏,Tue Oct 29 16:12:59 +0800 2024,0,hello_peas豆豆,f
@-LJIAMNG,5094845062583252,0,来自辽宁,Tue Oct 29 16:06:23 +0800 2024,0,梦幻的流溪,m
说到底不还是为那些有正式工作的人服务的么[微笑],5094844935967963,0,来自山东,Tue Oct 29 16:05:53 +0800 2024,0,发大财的小羊_,f
没钱别结婚别生孩子，别让自己入不敷出的生活雪上加霜……,5094844900838618,0,来自广西,Tue Oct 29 16:05:44 +0800 2024,0,风携意,f
不要误导好吗，很多补贴都是有条件的，二胎三胎才能领[摊手]天天都是这种哗众取宠的消息，实际能领的只有生育补贴,5094840877191504,0,来自浙江,Tue Oct 29 15:49:45 +0800 2024,0,给我20斤车厘子,f
扯淡,5094839400533015,0,来自上海,Tue Oct 29 15:43:53 +0800 2024,0,红烧小鱼儿ccc,f
那个，我想问一下现在咱们老龄化到底什么程度了？,5094838701654333,0,来自河北,Tue Oct 29 15:41:06 +0800 2024,0,逍遥行四海,f
[爱慕],5094838160856341,0,来自广东,Tue Oct 29 15:38:58 +0800 2024,0,PHOEBE_菲,f
怀孕中，证明这些都是瞎写的,5094835742313112,0,来自福建,Tue Oct 29 15:29:21 +0800 2024,0,斯瑞爱厦,f
孩子五岁能领不,5094833893671145,0,来自广东,Tue Oct 29 15:21:59 +0800 2024,0,LikeEnxi,f
所谓各地不一样，不就是让各地自己看着办嘛[挖鼻],5094833244867237,0,来自广东,Tue Oct 29 15:19:25 +0800 2024,0,桓Sun生,m
转发微博,5094830870890062,0,来自北京,Tue Oct 29 15:09:59 +0800 2024,0,lan看不清,f
每一个地方都落实不了那么多钱,5094830489469952,0,来自山东,Tue Oct 29 15:08:29 +0800 2024,0,当代迅哥儿_beiny,f
有多少女人是买着社保待产的？很多公司都没有社保的,5094830193249944,0,来自广东,Tue Oct 29 15:07:18 +0800 2024,0,世界尽头与光和爱,f
@你就是不会知道,5094829164069265,0,来自江苏,Tue Oct 29 15:03:12 +0800 2024,0,QW博弈,m
收藏,5094828688278199,0,来自山东,Tue Oct 29 15:01:18 +0800 2024,0,小苏打加水002,f
编内这些都没有[苦涩],5094828343299430,0,来自福建,Tue Oct 29 14:59:57 +0800 2024,0,阿点的点点是点点,f
[doge]我看谁能领到，我刚12345去问，我们当地产检补贴只有1100还是生完之后,5094827100213295,0,来自四川,Tue Oct 29 14:55:01 +0800 2024,0,梨花白薄荷绿,f
蚊子腿，连奶粉钱不够,5094826880272971,0,来自宁夏,Tue Oct 29 14:54:08 +0800 2024,0,杭杭佳俊,m
码住,5094825772191891,0,来自吉林,Tue Oct 29 14:49:44 +0800 2024,0,半抹蜜糖,f
男女双方生育津贴？,5094824796229019,0,来自江苏,Tue Oct 29 14:45:51 +0800 2024,0,絮欣,f
@比你还能吃,5094824594638241,0,来自山西,Tue Oct 29 14:45:03 +0800 2024,0,泡面加蛋__烦恼滚蛋,f
@离人怎挽-199511: 学学人家韩国，日本子生一胎奖励50万，你这是1.3万 用来产检都不够[允悲],5094824564756253,0,来自海南,Tue Oct 29 14:44:56 +0800 2024,0,离人怎挽-199511,m
啊？？？？？,5094824543259893,0,来自广东,Tue Oct 29 14:44:51 +0800 2024,0,你找不到我找不到你,f
转发微博,5094824383875444,0,来自河南,Tue Oct 29 14:44:12 +0800 2024,0,宇初霁,f
先把计划生育的钱退了再说吧。,5094823243548257,0,来自江苏,Tue Oct 29 14:39:41 +0800 2024,0,迦夫妮店铺淘,f
转发微博,5094822700386696,0,来自广东,Tue Oct 29 14:37:31 +0800 2024,0,佐岸右转76396,m
回复@March露:产检下来 都花费不少钱，虽然有些是生育险，还有一部分是个人自费的的,5094822551489511,0,来自广东,Tue Oct 29 14:36:56 +0800 2024,0,March露,f
买了生育险的 除了能申请生育津贴（一般的公司都是按最低标准买的），反正我前几年在深圳生的只领了7K左右，其他啥也没有,5094822321591328,0,来自广东,Tue Oct 29 14:36:01 +0800 2024,0,March露,f
要不是我刚生完 我还真信了,5094822098765636,0,来自河北,Tue Oct 29 14:35:08 +0800 2024,0,W去买个橘子,f
整的是真麻烦,5094821381800289,0,来自江西,Tue Oct 29 14:32:16 +0800 2024,0,挑衅超越妹妹,m
转发微博,5094821173924220,0,来自河南,Tue Oct 29 14:31:28 +0800 2024,0,可人儿-霍娜,f
@嗯是甜甜啊,5094820991473061,0,来自四川,Tue Oct 29 14:30:44 +0800 2024,0,Jackson的JJJ,m
没开除就不错了[努力],5094820085236181,0,来自北京,Tue Oct 29 14:27:07 +0800 2024,0,北京大喵在打工,f
转发微博,5094819266822292,0,来自河北,Tue Oct 29 14:23:52 +0800 2024,0,Jessica-杰杰西卡,f
无所谓，五年后看看,5094818688271240,0,来自广东,Tue Oct 29 14:21:35 +0800 2024,0,一支困困的ID,m
只要已经生过孩子一直在传递养育的艰难，补贴再多也消除不了生育恐惧[允悲]最好的办法就是补贴已经出生的多子女家庭，这才切合实际[doge],5094818078525509,0,来自广东,Tue Oct 29 14:19:10 +0800 2024,0,翠平同學,f
@Anthmelo7,5094817570752070,0,来自甘肃,Tue Oct 29 14:17:08 +0800 2024,0,爽歪歪歪脖子树下的大我,f
转发微博,5094817350291002,0,来自浙江,Tue Oct 29 14:16:16 +0800 2024,0,GX_快乐小神仙,m
相当于兰博基尼5元优惠券,5094816839110490,1,来自上海,Tue Oct 29 14:14:14 +0800 2024,0,蜜蜂与蚂蚁202306,m
哈哈哈哈哈哈，好啊,5094816400542432,1,来自陕西,Tue Oct 29 14:12:30 +0800 2024,0,金biu-啦,m
要不是我刚生完，我也以为我真的领了这么多钱,5094816365152795,0,来自云南,Tue Oct 29 14:12:21 +0800 2024,0,青空以南0112,f
留个爪,5094815585540057,0,来自江苏,Tue Oct 29 14:09:15 +0800 2024,0,豆不豆丁,f
@师恩Baby无花果,5094815551456895,0,来自河南,Tue Oct 29 14:09:07 +0800 2024,0,二腚SAMA,m
谁可以告诉我是真是假,5094814741434793,0,来自山东,Tue Oct 29 14:05:54 +0800 2024,0,酸奶卡夫觉主,f
搞得那么复杂，怀孕的人跑这跑那一问结果政策还没下来[汗],5094814691362437,0,来自湖北,Tue Oct 29 14:05:42 +0800 2024,0,杨枝甘露小可爱z,f
现在网络发达，生没生孩子一查就知道了，直接打钱就行了，去这办理去那办理的，手续不全还得费事，真是[泪],5094814535648267,0,来自山西,Tue Oct 29 14:05:05 +0800 2024,0,sea平平无奇小仙女,f
看到评论区我就放心了，我以为就我没领到,5094813969681518,0,来自山西,Tue Oct 29 14:02:50 +0800 2024,0,sea平平无奇小仙女,f
没看出来啥变化，,5094813372255701,0,来自辽宁,Tue Oct 29 14:00:28 +0800 2024,0,颖颖而己,f
真假的，这好事为啥不宣传还藏着掖着,5094812705360490,0,来自黑龙江,Tue Oct 29 13:57:49 +0800 2024,0,习惯性炸毛,m
女生们大可以去搜搜产前产后身体失能 岂是这点东西能补贴的,5094812526576709,0,来自江苏,Tue Oct 29 13:57:06 +0800 2024,0,大齐-Owen,m
男方的护理津贴真的有领到的吗,5094812126807101,0,来自福建,Tue Oct 29 13:55:31 +0800 2024,0,爆炸炸duang,f
哪些地方发,5094811132494822,0,来自上海,Tue Oct 29 13:51:33 +0800 2024,0,_Jadepure,f
产后30天内[doge][doge]这是还没出月子就要去对应位置才能申请吗,5094810958172521,0,来自北京,Tue Oct 29 13:50:52 +0800 2024,0,zq桔子树的森林,f
看了，要有结婚证，怀孕被抛弃的女的认栽[吐]想要领钱得有失业证明，得是交了社保的，还有交了生育险的才行！具体钱也是当地给多少算多少,5094810573341063,0,来自安徽,Tue Oct 29 13:49:19 +0800 2024,0,橘子汽水99129,f
@鲤鱼潭桥,5094809989022769,0,来自重庆,Tue Oct 29 13:47:01 +0800 2024,0,沈沈吧您,f
转发微博,5094809475745361,0,来自上海,Tue Oct 29 13:44:58 +0800 2024,0,星空的蓝333,m
…,5094809356994244,0,来自广西,Tue Oct 29 13:44:30 +0800 2024,0,闪耀星吃大葱,f
转发微博,5094809351490910,0,来自山东,Tue Oct 29 13:44:29 +0800 2024,0,仁青0822,f
保胎住院都不给报销[微笑][微笑][微笑],5094808532289957,0,来自安徽,Tue Oct 29 13:41:14 +0800 2024,0,偏安一隅kkkk,f
就这些要求 感觉都难领到这些钱,5094808236591732,0,来自福建,Tue Oct 29 13:40:03 +0800 2024,0,张泽浩海,m
社区说居民可以去免费做孕前检查，到了医院只有普通抽血验尿免费[微笑][微笑]最后有关生育的项目还是自掏腰包花了一千多[微笑][微笑][微笑]先把第一步给解决了再说吧！,5094808154539965,0,来自河北,Tue Oct 29 13:39:43 +0800 2024,0,再回一次火星_W,f
转发微博,5094807754246609,0,来自江苏,Tue Oct 29 13:38:08 +0800 2024,0,擱淺的現實童話,f
农村医保有补贴不,5094807330884674,0,来自福建,Tue Oct 29 13:36:27 +0800 2024,0,林伟smlie,m
转发微博,5094806975942186,0,来自湖南,Tue Oct 29 13:35:03 +0800 2024,0,兰玲一婷,f
[good],5094806074164696,0,来自浙江,Tue Oct 29 13:31:27 +0800 2024,0,alualualu,f
结婚只要身份证，领这么点补贴还要带那么多证件[衰],5094805920548605,0,来自安徽,Tue Oct 29 13:30:51 +0800 2024,0,Mu薄荷-,f
感觉挺麻烦的[黑线],5094805634023914,0,来自江苏,Tue Oct 29 13:29:42 +0800 2024,0,婷仔1995,f
真正想给你补助的应该主动给你发，而不是让你上门申请麻烦你各种手续[笑哈哈],5094804727795045,0,来自天津,Tue Oct 29 13:26:07 +0800 2024,0,Goat_777,m
是吗[doge],5094804604061850,0,来自广东,Tue Oct 29 13:25:37 +0800 2024,0,24S-U20,f
转发微博,5094804343488990,0,来自上海,Tue Oct 29 13:24:34 +0800 2024,0,宇迁牛牛冲冲冲,m
请保护好自己的子宫,5094804115423799,0,来自浙江,Tue Oct 29 13:23:40 +0800 2024,0,在鸳鸯湖刷短片的绵羊,f
结婚都不想，更何况生孩子🫄,5094803937166911,0,来自北京,Tue Oct 29 13:22:58 +0800 2024,0,酱酱酱酱酱锵er_,f
广东没有，一分钱都没有,5094803891030241,0,来自广东,Tue Oct 29 13:22:47 +0800 2024,0,露思宝宝52,f
@-Wesleyyy,5094803840176242,1,来自福建,Tue Oct 29 13:22:35 +0800 2024,0,钝角小角落,f
转发微博,5094803686294458,0,来自江苏,Tue Oct 29 13:21:57 +0800 2024,0,圆份_,m
我2021年生孩子那个月还差一个月就满一年社保，但是说的是要在生孩子之前就得连续缴满一年社保才能领生育津贴！浙江嘉兴的,5094803517473827,0,来自四川,Tue Oct 29 13:21:18 +0800 2024,0,VCois7n7,f
分娩津贴和生育津贴有什么不一样？是不是可以同时领取？,5094801781297922,0,来自广东,Tue Oct 29 13:14:24 +0800 2024,0,之之之之啊啊,f
假的[裂开],5094801366588173,0,来自辽宁,Tue Oct 29 13:12:45 +0800 2024,0,卷糖不卷,f
21年生的，只拿到了7000,5094800786981464,0,来自广东,Tue Oct 29 13:10:26 +0800 2024,0,邪恶的自己好刺激,f
育儿假都保证不了，还撤别的。先别说生孩子不生孩子，教育医疗全免费,5094800737437728,0,来自河北,Tue Oct 29 13:10:15 +0800 2024,0,你微笑时好美Amina,f
@卖兔头的胡萝卜,5094800443048552,0,来自陕西,Tue Oct 29 13:09:04 +0800 2024,0,像素空壳,f
呵呵，跟现在的什么区别，不说明白,5094800338456701,0,来自广东,Tue Oct 29 13:08:40 +0800 2024,0,昆吾望安柯,f
给富人钱，给富人减税，这样真的好吗？,5094800250110578,0,来自浙江,Tue Oct 29 13:08:19 +0800 2024,0,光就是一切,m
各地政策不一样，这是综合了所有省份的加在一起吧，具体补贴还得具体咨询各市级社保局才行,5094798983695363,0,来自河北,Tue Oct 29 13:03:17 +0800 2024,0,是EV-拉,f
我们公司有段时间降薪 85折 然后有同事刚好那会儿领取生育津贴 也打了85折 我真的觉得 在“生”和“死”这两件事情上 做人得有底线 但是看了一圈 很多人甚至没有 太离谱了,5094798866253161,0,来自浙江,Tue Oct 29 13:02:49 +0800 2024,0,菜地里拔茉莉_zmm,f
[挖鼻]他们不是知道错了..而是知道自己快死了,5094798635042542,0,来自上海,Tue Oct 29 13:01:54 +0800 2024,0,无面男的小悲哀,m
转发微博,5094798627703823,0,来自吉林,Tue Oct 29 13:01:52 +0800 2024,0,酸辣刘肉面,f
怎么什么都要申请啊，烦不烦,5094798468057955,0,来自江苏,Tue Oct 29 13:01:14 +0800 2024,0,那就一起看沧溟,f
这跟以前一摸一样，瞎宣传啥呢,5094798135922004,0,来自陕西,Tue Oct 29 12:59:55 +0800 2024,0,潘多拉-熊本熊,m
形式主义，到底有哪几个地方能有这样的生育福利噢。都是只能领生育险的补贴,5094798003013257,0,来自浙江,Tue Oct 29 12:59:23 +0800 2024,0,sjxbdjx,m
哦？,5094797941671696,0,来自河北,Tue Oct 29 12:59:09 +0800 2024,0,芋圆不是圆,f
转发微博,5094797765512401,0,来自江西,Tue Oct 29 12:58:27 +0800 2024,0,JL小川,m
@米兰的大瓦匠,5094797652003347,0,来自福建,Tue Oct 29 12:58:00 +0800 2024,0,00过得刚好,f
无业游民去哪里领生育补贴？,5094796955749423,0,来自广西,Tue Oct 29 12:55:13 +0800 2024,0,酒瓶座女生,f
补在哪里,5094796897291159,0,来自广东,Tue Oct 29 12:55:00 +0800 2024,0,阳光澄又橙-,f
晴天霹雳啊 自己算平均工资能领的生育津贴，今天才知道上限两万啊  算了 不打算生了,5094796622300297,0,来自山东,Tue Oct 29 12:53:54 +0800 2024,0,瞄准月亮击落星星,f
@是魔鬼也是淘气鬼 快来看,5094796156474398,5,来自广东,Tue Oct 29 12:52:03 +0800 2024,0,小余儿0553,m
领少了两个，可以补领吗[允悲],5094796140743249,0,来自广东,Tue Oct 29 12:51:59 +0800 2024,0,Pigjollying,f
老公的生育险根本女方无业也是领不了生育津贴的，但可以报销生育医疗费用。,5094796021991327,0,来自广西,Tue Oct 29 12:51:31 +0800 2024,0,我是Inn呀,f
@CChinG_,5094796001022129,0,来自广东,Tue Oct 29 12:51:26 +0800 2024,0,WONGCARVIN,m
公布是一回事，落实又是一回事，能不能落实又又又是另一回事[嘻嘻],5094795820664989,0,来自江苏,Tue Oct 29 12:50:43 +0800 2024,0,甘晓明,m
，。。。,5094795787897195,0,来自河南,Tue Oct 29 12:50:35 +0800 2024,0,aoxiang24456,m
生育险是啥   怎么买,5094795613575842,0,来自云南,Tue Oct 29 12:49:54 +0800 2024,0,知念如此,f
太好了，60后70后80后赶紧生,5094795588407237,0,来自浙江,Tue Oct 29 12:49:48 +0800 2024,0,黄优秀哈-,f
转发微博,5094795389698180,0,来自北京,Tue Oct 29 12:48:59 +0800 2024,0,春光明媚wuyue,f
坐标浙江，去年生的孩子，医院结算时报销5000，生育津贴3万多,5094795356145044,0,来自浙江,Tue Oct 29 12:48:52 +0800 2024,0,千变万化的花椰菜,f
省流：具体以当地政策为准=没有！                       --来自孕期人的提示……,5094795055993531,0,来自广东,Tue Oct 29 12:47:41 +0800 2024,0,第一打工人,m
2024年前不配有吗,5094794787554678,0,来自上海,Tue Oct 29 12:46:36 +0800 2024,0,娇滴滴妈咪2018,f
领的就是自己休产假期间工资,5094794772612130,0,来自广东,Tue Oct 29 12:46:33 +0800 2024,0,赤足天涯的人,f
我差点就信了,5094794724639021,0,来自四川,Tue Oct 29 12:46:21 +0800 2024,0,鯦乌,m
要不是我刚生完 我就真的信了！,5094794618209122,0,来自云南,Tue Oct 29 12:45:55 +0800 2024,0,-小_闹-,f
要像搞计划生育那样，一个娃罚款几万的力度。只是现在是奖励，一个娃奖励多少直接去领…那人家没有买社保的人怎么办？不奖励了？,5094794604317720,0,来自四川,Tue Oct 29 12:45:53 +0800 2024,0,_____杜怼怼,f
@Catherine88051,5094794444933145,0,来自江苏,Tue Oct 29 12:45:15 +0800 2024,0,fly我只是游客,m
转发微博,5094794403514028,0,来自辽宁,Tue Oct 29 12:45:05 +0800 2024,0,波咔啵卡,f
没工作的女性就没有， 补了个啥？不就是从我们交上去的抠出来点[笑cry][doge],5094794183312370,0,来自江苏,Tue Oct 29 12:44:12 +0800 2024,0,QuQ22,f
津贴毛线，看看德国，实打实给钱,5094794168631569,0,来自江苏,Tue Oct 29 12:44:08 +0800 2024,0,麻辣青椒俠,m
生育补贴,5094794145826248,0,来自湖北,Tue Oct 29 12:44:04 +0800 2024,0,东邪黄药师OMG,f
@连连好运呀,5094794091302334,0,来自黑龙江,Tue Oct 29 12:43:51 +0800 2024,0,连连好运姐夫,m
生育补贴,5094794077146593,0,来自湖北,Tue Oct 29 12:43:47 +0800 2024,0,东邪黄药师OMG,f
我信你个鬼[允悲],5094793908325189,0,来自山西,Tue Oct 29 12:43:07 +0800 2024,0,小小世界wode,f
信不信到时候实施下来到人民手上的没有这么多,5094793770177167,0,来自广东,Tue Oct 29 12:42:34 +0800 2024,0,木瓜沙拉配腌鱼,f
并没有[朏朏],5094793489943524,0,来自河北,Tue Oct 29 12:41:27 +0800 2024,0,半半情歌ll,f
重点永远不是政策如何，要看是否能执行下去，你连劳动法都贯彻不了，还搞这些，如果能贯彻五天八小时工作制，我相信很多人都会愿意生的，老子现在连啪啪啪都没精力，还想着生孩子呢[允悲],5094793476312747,0,来自江苏,Tue Oct 29 12:41:24 +0800 2024,0,Sagittarius溏,m
转发微博,5094793460585739,0,来自北京,Tue Oct 29 12:41:20 +0800 2024,0,果奔的土豆,m
只要我工作稳定 这些都是小钱 我就怕生了娃找工作干不过那些00后了[允悲],5094793451408561,3,来自广东,Tue Oct 29 12:41:18 +0800 2024,0,火腿姑姑,f
哈哈哈哈，笑死[doge],5094793392949731,0,来自广西,Tue Oct 29 12:41:04 +0800 2024,0,煜壹的书,m
鼓励生育，保胎全自费，把这个问题解决吧,5094793308800593,4,来自河南,Tue Oct 29 12:40:44 +0800 2024,0,薰衣草chuxue,f
转发微博,5094793266594358,0,来自北京,Tue Oct 29 12:40:33 +0800 2024,0,Strive_YX,m
@Hoayien,5094793133162957,0,来自广东,Tue Oct 29 12:40:01 +0800 2024,0,SongShan珊,f
@写个什么名,5094793098560578,0,来自山西,Tue Oct 29 12:39:53 +0800 2024,0,薄小妍er,f
现在资本家的天下，生什么？,5094793055311145,0,来自湖北,Tue Oct 29 12:39:44 +0800 2024,0,abuses12,m
#生育补贴#时代在发展，政策也要因时制宜，支持建设生育友好型社会！,5094793014674490,0,来自上海,Tue Oct 29 12:39:34 +0800 2024,0,众托帮,f
先保存,5094792866300727,0,来自河南,Tue Oct 29 12:38:58 +0800 2024,0,wenshouse,f
都加起来也没多少,5094792759874656,0,来自江苏,Tue Oct 29 12:38:33 +0800 2024,0,天际落雪,m
以前捉计生，亲自上门捉你罚钱，现在领补贴跑断腿是吧,5094792704296892,0,来自广东,Tue Oct 29 12:38:20 +0800 2024,0,弦空舞,f
计划生育是国策,5094792549373229,0,来自广东,Tue Oct 29 12:37:43 +0800 2024,0,肥宅渣男,m
什么时候可以做到投诉公司拖欠产假工资快速审结呢？对于不给足产假和产假工资的公司给予一定惩罚，政策永远落实不了,5094792549106437,0,来自广东,Tue Oct 29 12:37:43 +0800 2024,0,无忧无虑无羡无惧,f
转发微博,5094792473875664,0,来自江苏,Tue Oct 29 12:37:25 +0800 2024,0,七崽崽崽崽崽-,f
不懂就问，这个生育津贴拿了以后产假期间还能正常拿工资吗？,5094792427474085,0,来自江苏,Tue Oct 29 12:37:14 +0800 2024,0,Xeys-,m
这么麻烦，直接把四个月以后的产检纳入医保不就行了[黑线][黑线],5094792375828994,0,来自湖北,Tue Oct 29 12:37:01 +0800 2024,0,别蒙眼看世界,f
@亚洲猩猩_希希   [笑而不语],5094792369016039,0,来自湖南,Tue Oct 29 12:37:00 +0800 2024,0,Yin酷酷D,f
刚生，除了生育津贴，其他的都没有,5094792231130179,0,来自湖北,Tue Oct 29 12:36:27 +0800 2024,0,曼妙书写,f
生育年龄从未领过，现在上年纪了也不打算生育了，了还要交生育险，真是无语,5094792222475412,0,来自北京,Tue Oct 29 12:36:25 +0800 2024,0,算你聪明666,f
请把育儿补贴 护理津贴给我补上,5094792073578481,0,来自北京,Tue Oct 29 12:35:49 +0800 2024,0,淡生而活,m
@三寿的茶啊,5094791999914842,0,来自山西,Tue Oct 29 12:35:32 +0800 2024,0,ybw-_-,f
@AkaTuski丶,5094791648117431,0,来自福建,Tue Oct 29 12:34:08 +0800 2024,0,米饭比面条香,f
一分没有[允悲],5094791601198158,0,来自山东,Tue Oct 29 12:33:57 +0800 2024,0,Gao97y,f
@双十小姐 快来看看,5094791577079722,5,来自宁夏,Tue Oct 29 12:33:51 +0800 2024,0,我是兔牙丁刘丁的丁,f
转发微博,5094791457014844,0,来自广东,Tue Oct 29 12:33:22 +0800 2024,0,煮水2017,m
福建有没有,5094791312312903,0,来自福建,Tue Oct 29 12:32:48 +0800 2024,0,博君一肖百香果儿,f
别说压根就没有，就算有，这三瓜两枣能干啥啊[举车]产检都不够,5094791283475731,0,来自四川,Tue Oct 29 12:32:41 +0800 2024,0,超哥滴小朋友,f
@lnfort,5094791245204669,0,来自浙江,Tue Oct 29 12:32:32 +0800 2024,0,cassielin-,f
@小骄傲zzz,5094791215581499,0,来自河南,Tue Oct 29 12:32:25 +0800 2024,0,你是我的小骄傲zzz,m
既然想给就直接给！这么多申请地点，好不麻烦[笑cry],5094791211123569,0,来自河北,Tue Oct 29 12:32:23 +0800 2024,0,-是小树呀-,f
老公的生育险都用不了，就居民医保报销比例还低，就这还一天天鼓励生育，产检都自费，比生娃都贵,5094791212437346,0,来自陕西,Tue Oct 29 12:32:24 +0800 2024,0,听说你嫁给习惯6,f
呵呵，职工社保，发了生育津贴不发工资,5094791132219241,0,来自河南,Tue Oct 29 12:32:05 +0800 2024,0,允尔1004,f
第一个怎么领,5094791119902146,0,来自陕西,Tue Oct 29 12:32:02 +0800 2024,0,GUANYUN_関芸,f
以前我们家说[允悲]上两个孩子罚款罚一两万，95.96年那会吧，没钱就去抢家里的东西抵，什么米啊谷啊，风扇电器等，现在这些东西别人都不稀罕！但是在80.90年代是稀罕物，[允悲]以前罚1.2w，现在同比不是相当于10w20吗？先平等了再说吧！再说了就算是补贴10w，一个孩子到18不得花个5.60w吗,5094791022383126,0,来自湖北,Tue Oct 29 12:31:39 +0800 2024,0,苒兮DY,f
医院又可以涨价了,5094790792221039,0,来自江苏,Tue Oct 29 12:30:44 +0800 2024,0,雨季莫忧离lza,m
时代在进步，社会却生病了，没能跟上时代的进步，不要生，没有准备不要生！,5094790710435050,0,来自广东,Tue Oct 29 12:30:25 +0800 2024,0,小麦兜儿儿,f
以当地政策为准，呵呵，2000能给你砍到500，100的，就不能统一，不给那些投机倒把的人机会？,5094790708333654,0,来自天津,Tue Oct 29 12:30:24 +0800 2024,0,丶Amarantine丶,m
二胎又自己带娃的宝妈，没有职工医保基本啥都没有，国家可不可以考虑考虑我们这类人群[泪],5094790681069279,0,来自北京,Tue Oct 29 12:30:17 +0800 2024,0,猕猴桃味芒果酸奶,f
韭菜不够了,5094790660361124,0,来自四川,Tue Oct 29 12:30:13 +0800 2024,0,一个发声者,m
很多补贴都是没有的,5094790645681964,0,来自广西,Tue Oct 29 12:30:09 +0800 2024,0,只邓暴富,f
羊毛长在羊身上[doge],5094790632835130,0,来自福建,Tue Oct 29 12:30:06 +0800 2024,0,想退休却还在打工的打工仔,m
怀孕期间是参保状态，这点应该有很多公司做不到吧[doge],5094790544232519,0,来自上海,Tue Oct 29 12:29:45 +0800 2024,0,花吃了那啵,f
灵活就业的啥也没有[哈哈][哈哈][哈哈],5094790452743191,0,来自湖南,Tue Oct 29 12:29:23 +0800 2024,0,短玲玲性常,f
产检是真的贵，比生产都贵,5094790397955773,0,来自安徽,Tue Oct 29 12:29:10 +0800 2024,0,wmdgs323,f
生下来 之后呢 教育呢 婚嫁呢,5094790381705093,0,来自重庆,Tue Oct 29 12:29:06 +0800 2024,0,CoCo小姐有点坏,f
交社保的地方跟户籍不是一个地方咋整,5094790260330283,0,来自江苏,Tue Oct 29 12:28:37 +0800 2024,0,包策策,f
发完了政策都不敢开评论 [允悲][允悲],5094790205016302,0,来自山东,Tue Oct 29 12:28:24 +0800 2024,0,小花beautiful,f
我一胎生完报了3万多,5094912460853332,0,来自北京,Tue Oct 29 20:34:12 +0800 2024,0,超级无敌巨大的一个泡泡,f
真的假的？有这么多补贴么？？就算有这么多，也不见得有人想生或多生。养一个孩子太难了。,5094853110662796,1,来自北京,Tue Oct 29 16:38:22 +0800 2024,0,爱柯菲儿,f
为啥去年生的就没有补贴了,5094851431366866,0,来自安徽,Tue Oct 29 16:31:41 +0800 2024,0,数据梦想家,m
转发微博,5094840721478558,0,来自北京,Tue Oct 29 15:49:08 +0800 2024,0,仰望--1992,m
转发微博,5094839291743027,1,来自江苏,Tue Oct 29 15:43:27 +0800 2024,0,姜姜丶不吃姜,m
年初刚生完，放屁，你的生育补贴取决于你们单位的平均工资，产检自费，除非你有保险，而且只有普通门诊能报，特需不行,5094833917529563,0,来自上海,Tue Oct 29 15:22:06 +0800 2024,0,皮卡丘-BoA-特困户只想八点起床,f
我奇怪，我是个男的，女方生育，为什么需要男方交生育险的，女方才享有补贴？？？那些不结婚的，找不到男方的，不知道男方是谁的.......女士就不享受生育补贴了吗？？[费解][疑问],5094831514192924,0,来自广东,Tue Oct 29 15:12:33 +0800 2024,0,放开那条乌贼犹鱼让我来sha,f
一切都在男女双方正常工作并且参保的基础上，这个就排除了很多人,5094824610889895,0,来自江苏,Tue Oct 29 14:45:06 +0800 2024,0,悦己----女王,f
转发微博,5094822852954921,0,来自上海,Tue Oct 29 14:38:08 +0800 2024,0,车辆运输车,f
希望能领到哈哈哈哈,5094821621138601,0,来自广东,Tue Oct 29 14:33:13 +0800 2024,0,电影院游客,m
留着以后用,5094821268819849,0,来自广东,Tue Oct 29 14:31:50 +0800 2024,0,小饼蛙,m
少生优生，幸福一生[doge],5094820114333762,0,来自贵州,Tue Oct 29 14:27:14 +0800 2024,0,aa忆往昔cc,m
